Title,Price,Rating,Reviews
N/A,"14,995",3.9,"4,081"
N/A,"11,200.",3.9,677
N/A,"19,995",3.6,"1,175"
N/A,"19,995",4.0,648
N/A,"5,946",4.2,"5,842"
N/A,"8,746",4.4,"1,238"
N/A,"8,396",4.5,"3,310"
N/A,"14,493",4.4,"2,024"
N/A,"9,995",4.3,224
N/A,"9,998",3.5,"1,308"
N/A,"8,697",4.2,"2,984"
N/A,"9,598",3.5,"1,308"
N/A,"8,995",4.1,"3,969"
N/A,"9,746",4.3,"1,750"
N/A,"14,495",4.5,"2,362"
N/A,"14,994",4.1,"10,754"
N/A,"8,697",4.2,89
N/A,"11,370",4.5,"1,363"
N/A,"10,496",4.2,236
N/A,"9,598",3.5,"1,308"
N/A,"14,495",4.5,"2,362"
N/A,"17,190",N/A,M.R.P:
N/A,"10,779",4.2,57
N/A,"16,033.",3.8,69
N/A,"11,200.",3.9,677
N/A,"13,495",4.4,12
N/A,"14,995",3.9,"4,081"
N/A,"5,997",4.3,"2,352"
N/A,"10,497",4.1,155
N/A,"9,995",4.4,"1,022"
N/A,"13,495",4.6,491
N/A,"9,598",3.5,"1,308"
N/A,"8,372",4.2,29
N/A,"19,995",3.6,"1,175"
N/A,"7,497",4.8,47
N/A,"9,598",3.5,"1,308"
N/A,"7,497",4.2,"1,670"
N/A,"17,996",3.8,44
N/A,"7,497",4.2,"5,111"
N/A,"12,493",4.2,"1,369"
N/A,"8,746",4.4,451
N/A,"12,493",4.2,"6,383"
N/A,"18,195",4.3,82
N/A,"11,995",4.2,"1,347"
N/A,"13,495",1.0,1
N/A,"8,747",4.6,"5,976"
N/A,"7,498",4.1,14
N/A,"9,041",4.2,"1,926"
N/A,"7,795",4.3,291
N/A,"11,870",3.8,"1,746"
N/A,"18,195",4.2,125
N/A,"10,146",4.3,"2,155"
N/A,"9,598",3.5,"1,308"
N/A,"4,998",4.1,182
N/A,"12,493",4.1,256
N/A,"14,495",4.6,935
N/A,"12,495",4.3,"4,406"
N/A,"10,500",4.0,24
N/A,"14,709",4.2,27
N/A,"35,995",N/A,Only 3 left in stock.
N/A,"14,994",4.1,"10,754"
N/A,"21,995",5.0,1
N/A,"11,870",3.8,"1,746"
N/A,"17,995",4.2,7
N/A,"6,748",4.2,17
N/A,"4,796",4.3,842
N/A,"9,598",3.5,"1,308"
N/A,"4,748",4.3,78
N/A,"14,495",4.2,250
N/A,"5,997",4.5,427
N/A,"10,995",4.3,2
N/A,"7,396",4.5,321
N/A,"11,995",N/A,N/A
N/A,"12,493",4.7,44
N/A,"8,396",4.5,182
N/A,"12,495",4.3,"4,406"
N/A,"7,197",4.7,16
N/A,"8,097",4.7,5
N/A,"21,495",4.0,648
N/A,"7,766",3.9,481
N/A,"19,995",3.6,"1,175"
N/A,"19,995",4.0,648
N/A,"17,996",3.8,44
N/A,"13,495",N/A,N/A
N/A,"11,870",4.3,"4,283"
N/A,"21,995",4.7,5
N/A,"18,195",4.3,64
N/A,"8,397",4.4,29
N/A,"21,495",4.2,50
N/A,"18,995",4.1,100
N/A,"9,598",3.5,"1,308"
N/A,"12,495",4.1,18
N/A,"12,280",4.6,60
N/A,"12,493",4.3,"2,721"
N/A,"10,110",4.0,102
N/A,"18,993.",4.2,"1,296"
N/A,"11,995",4.1,172
N/A,"9,493",4.4,946
N/A,"12,495",3.0,1
N/A,"23,995",4.3,531
N/A,"13,495",4.3,9
N/A,"12,597",4.6,17
N/A,"9,296",4.4,70
N/A,"7,197",3.3,8
N/A,"9,995",4.4,118
N/A,"17,495",N/A,M.R.P:
N/A,"14,493",4.0,"7,701"
N/A,"7,995",4.6,261
N/A,"21,495",4.6,3
N/A,"23,995",5.0,1
N/A,"13,495",4.7,19
N/A,"11,745",4.4,361
N/A,"14,995",4.4,18
N/A,"7,197",4.5,474
N/A,"14,995",5.0,1
N/A,"12,145",4.1,35
N/A,"13,495",3.9,"4,081"
N/A,"11,995",4.2,"1,347"
N/A,"14,493",4.4,"2,024"
N/A,"34,999",3.5,11
